{
  "norm_stats": {
    "bridge_robot": {
      "mean": [
        0.00022990013530943543,
        0.0001223820581799373,
        -0.00012801054981537163,
        -0.00015581517072860152,
        -0.00040400627767667174,
        0.0002303723740624264,
        0.575043797492981
      ],
      "std": [
        0.009764148853719234,
        0.013682912103831768,
        0.012667506001889706,
        0.02853561006486416,
        0.03064056858420372,
        0.07689429819583893,
        0.49150383472442627
      ],
      "q01": [
        -0.02887803485105428,
        -0.04178320091122349,
        -0.026113155505000457,
        -0.08117201867235568,
        -0.09309056401752747,
        -0.20778717060421048,
        -1e-10
      ],
      "q99": [
        0.02819482065335177,
        0.04079562563528227,
        0.04015785568112329,
        0.08070396399877966,
        0.07745134926258301,
        0.2016542930635028,
        0.99980000009996
      ]
    }
  }
}