{
  "norm_stats": {
    "libero": {
      "mean": [
        0.06278176605701447,
        0.08684149384498596,
        -0.09037397801876068,
        0.0005407411954365671,
        0.005643357057124376,
        -0.005229220259934664,
        -0.0496407225728035
      ],
      "std": [
        0.33550307154655457,
        0.37842780351638794,
        0.44471776485443115,
        0.03924243152141571,
        0.06339304149150848,
        0.07796675711870193,
        0.9987671375274658
      ],
      "q01": [
        -0.7046250000751599,
        -0.80100000008544,
        -0.9375000001,
        -0.11467779149968735,
        -0.16395000004372,
        -0.2240490058320433,
        -1.0000000001
      ],
      "q99": [
        0.93712500009996,
        0.86775000009256,
        0.93712500009996,
        0.13175314309916836,
        0.19275000005139997,
        0.3353504997073735,
        0.9996000000999599
      ]
    }
  }
}