{
  "norm_stats": {
    "calvin_abcd": {
      "mean": [
        0.0005293599431385171,
        0.010146231957300664,
        -0.006517528965541374,
        -0.0024581778407627647,
        0.000535014011274101,
        -0.004482420546843006,
        -0.07994402295869955
      ],
      "std": [
        0.24872558886755747,
        0.20490066361434578,
        0.21329531799118245,
        0.157341273111141,
        0.1714982028412135,
        0.35212838130971896,
        0.99679935453088
      ],
      "q01": [
        -0.69960000006996,
        -0.57760000005776,
        -0.4336000000433601,
        -0.42320000004232006,
        -0.46520000004652007,
        -1.0000000001,
        -1.0000000001
      ],
      "q99": [
        0.67640000006764,
        0.5560000000555998,
        0.5944000000594398,
        0.42640000004264,
        0.41200000004119985,
        0.9996000000999599,
        0.9996000000999599
      ]
    }
  }
}